{
  "project_info": {
    "project_number": "853457303359",
    "firebase_url": "https://sobotilniconline-9671e-default-rtdb.firebaseio.com",
    "project_id": "sobotilniconline-9671e",
    "storage_bucket": "sobotilniconline-9671e.appspot.com"
  },
  "client": [
    {
      "client_info": {
        "mobilesdk_app_id": "1:853457303359:android:8a7652c7f9704aed17858a",
        "android_client_info": {
          "package_name": "com.example.sobotilnic_online"
        }
      },
      "oauth_client": [
        {
          "client_id": "853457303359-6vukp66mik6vos5pj7otusgdaiaro9fp.apps.googleusercontent.com",
          "client_type": 3
        }
      ],
      "api_key": [
        {
          "current_key": "AIzaSyBZO1-fr_ztGumAn-juT-3KWmq6WTjWYWM"
        }
      ],
      "services": {
        "appinvite_service": {
          "other_platform_oauth_client": [
            {
              "client_id": "853457303359-6vukp66mik6vos5pj7otusgdaiaro9fp.apps.googleusercontent.com",
              "client_type": 3
            }
          ]
        }
      }
    }
  ],
  "configuration_version": "1"
}